date,revenue,orders,aov
2016-09-15,10932.569999999958,1,10932.569999999958
2016-10-03,35800.37999999996,7,5114.339999999995
2016-10-04,696491.1900000001,55,12663.476181818183
2016-10-05,500337.09000000067,37,13522.624054054071
2016-10-06,478649.33999999997,43,11131.38
2016-10-07,511320.96,41,12471.242926829269
2016-10-08,593434.08,36,16484.28
2016-10-09,196127.90999999992,24,8171.9962499999965
2016-10-10,254172.95999999993,34,7475.6752941176455
2016-12-23,882.8999999999988,1,882.8999999999988
2017-01-05,32148.89999999996,32,1004.6531249999988
2017-01-06,74540.87999999998,5,14908.175999999996
2017-01-07,109189.8,4,27297.45
2017-01-08,37125.179999999986,5,7425.035999999997
2017-01-09,53883.99000000003,5,10776.798000000006
2017-01-10,117106.3799999999,7,16729.482857142844
2017-01-11,149754.05999999994,11,13614.00545454545
2017-01-12,121116.60000000002,13,9316.66153846154
2017-01-13,197109.27000000002,11,17919.024545454547
2017-01-14,70902.80999999998,17,4170.753529411763
2017-01-15,179461.2599999999,15,11964.083999999993
2017-01-16,266401.7100000001,19,14021.142631578952
2017-01-17,269322.03,34,7921.236176470589
2017-01-18,256207.49999999994,31,8264.758064516127
2017-01-19,292763.25,33,8871.613636363636
2017-01-20,322444.6200000001,29,11118.780000000004
2017-01-21,186875.9100000003,22,8494.35954545456
2017-01-22,296883.1799999998,33,8996.459999999994
2017-01-23,506729.61,37,13695.394864864864
2017-01-24,429882.1200000002,46,9345.263478260875
2017-01-25,566850.3300000003,60,9447.505500000005
2017-01-26,1049317.38,86,12201.36488372093
2017-01-27,898665.8399999996,59,15231.624406779654
2017-01-28,413307.8100000002,30,13776.927000000005
2017-01-29,479536.56,32,14985.5175
2017-01-30,834570.9000000001,51,16364.13529411765
2017-01-31,843569.2800000001,64,13180.770000000002
2017-02-01,616802.3999999996,67,9206.005970149246
2017-02-02,721942.7399999996,72,10026.982499999995
2017-02-03,772509.5999999997,58,13319.131034482754
2017-02-04,1101933.5399999998,69,15970.051304347824
2017-02-05,679960.5299999999,79,8607.095316455696
2017-02-06,758882.4300000002,81,9368.918888888891
2017-02-07,1112211.72,111,10019.925405405405
2017-02-08,931070.8800000001,84,11084.177142857145
2017-02-09,739660.4999999998,76,9732.374999999996
2017-02-10,1051353.5399999996,63,16688.151428571422
2017-02-11,351476.4599999999,48,7322.426249999998
2017-02-12,1214787.6899999995,69,17605.618695652167
2017-02-13,813497.3099999996,76,10703.911973684206
2017-02-14,884918.3400000002,71,12463.6385915493
2017-02-15,525470.9399999998,58,9059.843793103446
2017-02-16,474769.43999999994,52,9130.181538461537
2017-02-17,553441.5900000001,47,11775.352978723406
2017-02-18,586951.2000000002,55,10671.840000000004
2017-02-19,288654.8399999998,40,7216.370999999995
2017-02-20,577697.4000000001,61,9470.44918032787
2017-02-21,651630.78,42,15515.018571428573
2017-02-22,478968.2100000001,54,8869.781666666668
2017-02-23,508509.44999999966,59,8618.80423728813
2017-02-24,538020.7199999999,64,8406.573749999998
2017-02-25,302429.6999999998,46,6574.558695652169
2017-02-26,401780.87999999995,44,9131.383636363635
2017-02-27,465920.0099999997,41,11363.902682926822
2017-02-28,870034.8599999996,58,15000.601034482752
2017-03-01,993513.2399999996,102,9740.325882352938
2017-03-02,899432.28,69,13035.250434782609
2017-03-03,998362.4400000004,73,13676.197808219184
2017-03-04,696354.0300000001,70,9947.914714285716
2017-03-05,543419.5499999999,73,7444.103424657534
2017-03-06,696317.13,97,7178.527113402062
2017-03-07,922604.2200000001,82,11251.270975609757
2017-03-08,1066335.66,75,14217.808799999999
2017-03-09,890492.9399999998,91,9785.636703296701
2017-03-10,964363.5899999996,87,11084.638965517237
2017-03-11,854006.31,72,11861.198750000001
2017-03-12,524697.6599999999,67,7831.308358208954
2017-03-13,1325545.3799999997,111,11941.850270270266
2017-03-14,1133659.44,101,11224.350891089109
2017-03-15,1155183.7499999998,103,11215.376213592232
2017-03-16,1146065.7599999998,104,11019.863076923075
2017-03-17,965032.2899999999,67,14403.467014925372
2017-03-18,1306595.6099999999,72,18147.161249999997
2017-03-19,539896.9499999998,59,9150.795762711861
2017-03-20,1365967.9799999997,115,11877.982434782607
2017-03-21,922944.5999999993,98,9417.80204081632
2017-03-22,1141052.1299999994,108,10565.297499999995
2017-03-23,1304476.5599999996,113,11544.040353982296
2017-03-24,814019.4000000001,77,10571.680519480522
2017-03-25,753723.9900000001,74,10185.459324324325
2017-03-26,499655.9699999998,67,7457.551791044773
2017-03-27,1303718.0399999998,109,11960.715963302751
2017-03-28,927286.9200000003,99,9366.534545454548
2017-03-29,664499.1600000004,77,8629.859220779226
2017-03-30,789016.0499999998,78,10115.590384615381
2017-03-31,987498.5399999999,73,13527.377260273972
2017-04-01,1430661.06,69,20734.218260869566
2017-04-02,717920.1900000001,68,10557.649852941177
2017-04-03,715596.66,75,9541.2888
2017-04-04,1005654.9599999994,105,9577.66628571428
2017-04-05,1472603.04,96,15339.615
2017-04-06,1553667.2999999984,98,15853.747959183658
2017-04-07,1046230.4699999997,87,12025.637586206894
2017-04-08,683305.1999999998,69,9902.973913043475
2017-04-09,628251.7499999999,72,8725.718749999998
2017-04-10,918907.1999999997,87,10562.151724137928
2017-04-11,564032.5199999999,77,7325.097662337661
2017-04-12,643288.8599999999,70,9189.840857142855
2017-04-13,771213.8699999998,61,12642.850327868848
2017-04-14,544363.2899999999,48,11340.901874999998
2017-04-15,665618.4900000001,50,13312.369800000002
2017-04-16,407029.7700000002,50,8140.595400000004
2017-04-17,602682.4799999999,61,9880.040655737703
2017-04-18,1724965.6499999994,73,23629.66643835616
2017-04-19,952603.5599999999,97,9820.655257731958
2017-04-20,1004828.9399999998,95,10577.146736842104
2017-04-21,674850.96,69,9780.448695652174
2017-04-22,1045442.5199999996,92,11363.505652173908
2017-04-23,788731.9199999999,89,8862.15640449438
2017-04-24,1053901.9799999995,114,9244.754210526311
2017-04-25,1118956.68,113,9902.271504424778
2017-04-26,1242020.879999999,127,9779.691968503928
2017-04-27,768969.1799999997,78,9858.579230769226
2017-04-28,1261412.9999999993,98,12871.56122448979
2017-04-29,937581.0299999998,72,13021.958749999998
2017-04-30,645675.7499999995,67,9636.951492537306
2017-05-01,970061.3099999997,122,7951.322213114751
2017-05-02,1388354.7599999998,125,11106.838079999998
2017-05-03,820012.4999999997,105,7809.642857142854
2017-05-04,1087820.2799999993,112,9712.681071428566
2017-05-05,1101046.9499999997,109,10101.348165137611
2017-05-06,1159890.5699999996,105,11046.576857142853
2017-05-07,1326752.9999999986,109,12172.04587155962
2017-05-08,1281579.749999999,125,10252.637999999992
2017-05-09,1662111.18,126,13191.358571428571
2017-05-10,1667319.389999998,120,13894.328249999984
2017-05-11,1450987.3799999985,128,11335.838906249988
2017-05-12,947371.8599999994,110,8612.47145454545
2017-05-13,678323.7000000001,75,9044.316
2017-05-14,1156268.9699999993,112,10323.830089285708
2017-05-15,1434516.749999999,155,9254.946774193542
2017-05-16,1696892.3999999985,157,10808.231847133748
2017-05-17,1474069.409999999,146,10096.365821917801
2017-05-18,1476450.1799999995,133,11101.129172932327
2017-05-19,1422640.0799999991,147,9677.823673469382
2017-05-20,837094.6800000004,70,11958.495428571434
2017-05-21,1393840.6199999992,148,9417.842027027022
2017-05-22,1945927.4399999978,152,12802.154210526302
2017-05-23,1394846.6399999992,129,10812.764651162785
2017-05-24,1897516.2599999986,151,12566.33284768211
2017-05-25,1214222.31,109,11139.654220183487
2017-05-26,844210.3500000002,83,10171.20903614458
2017-05-27,1076192.8200000003,81,13286.331111111114
2017-05-28,756988.3799999998,102,7421.454705882351
2017-05-29,1428389.6399999987,155,9215.417032258056
2017-05-30,1095399.7199999995,104,10532.68961538461
2017-05-31,1554528.5999999996,127,12240.382677165351
2017-06-01,1558431.629999999,126,12368.504999999992
2017-06-02,1508520.5099999988,128,11785.316484374991
2017-06-03,847114.1999999994,93,9108.75483870967
2017-06-04,1108428.3900000001,106,10456.871603773587
2017-06-05,1875561.0299999998,147,12758.91857142857
2017-06-06,1100621.9699999995,132,8338.045227272723
2017-06-07,1019401.5600000004,129,7902.337674418608
2017-06-08,1479750.2999999986,138,10722.828260869555
2017-06-09,1295150.3099999991,114,11360.96763157894
2017-06-10,641432.79,79,8119.402405063292
2017-06-11,1139605.6500000001,113,10085.00575221239
2017-06-12,1163871.089999999,126,9237.072142857134
2017-06-13,1134849.7799999996,133,8532.705112781952
2017-06-14,1625212.1699999992,136,11950.089485294113
2017-06-15,1000516.2299999994,113,8854.125929203534
2017-06-16,1004122.3499999996,95,10569.708947368417
2017-06-17,893587.3199999994,75,11914.497599999992
2017-06-18,1286121.6899999992,97,13258.986494845352
2017-06-19,1786606.1999999993,154,11601.338961038957
2017-06-20,861623.73,90,9573.597
2017-06-21,497821.94999999984,36,13828.387499999995
2017-06-22,696941.9099999996,93,7493.99903225806
2017-06-23,1018570.2299999999,107,9519.347943925233
2017-06-24,658411.8300000001,77,8550.802987012989
2017-06-25,1376305.2899999986,101,13626.785049504937
2017-06-26,1050099.6600000001,67,15673.129253731346
2017-06-27,1352872.7099999986,144,9394.94937499999
2017-06-28,1175566.8599999994,122,9635.793934426225
2017-06-29,986749.9199999996,114,8655.701052631575
2017-06-30,1035214.1999999994,99,10456.709090909084
2017-07-01,920952.4500000001,83,11095.812650602411
2017-07-02,908402.04,105,8651.448
2017-07-03,1235172.6,118,10467.564406779662
2017-07-04,1230780.8699999999,128,9615.475546874999
2017-07-05,1670809.5899999992,147,11366.051632653056
2017-07-06,1680681.1499999987,145,11590.904482758611
2017-07-07,1065015.0899999996,117,9102.693076923073
2017-07-08,825008.7599999999,85,9705.985411764705
2017-07-09,656560.9799999996,91,7214.95582417582
2017-07-10,1410733.08,148,9531.980270270271
2017-07-11,1546486.7399999988,165,9372.646909090901
2017-07-12,1507970.069999999,154,9792.013441558434
2017-07-13,1156502.7899999993,138,8380.454999999994
2017-07-14,1506987.6299999987,157,9598.647324840756
2017-07-15,880653.0599999999,103,8550.029708737864
2017-07-16,1029127.2299999995,117,8795.959230769227
2017-07-17,1723724.8199999996,170,10139.55776470588
2017-07-18,2261265.749999999,195,11596.23461538461
2017-07-19,1305610.1099999992,152,8589.540197368415
2017-07-20,1447958.6999999993,148,9783.504729729724
2017-07-21,1022226.4799999988,119,8590.138487394948
2017-07-22,924126.48,92,10044.85304347826
2017-07-23,959406.9299999997,105,9137.208857142854
2017-07-24,1480075.2899999996,168,8809.971964285713
2017-07-25,1355025.5999999992,151,8973.67947019867
2017-07-26,870317.9999999988,117,7438.615384615375
2017-07-27,1267270.3800000004,130,9748.233692307695
2017-07-28,1580285.1599999988,141,11207.696170212757
2017-07-29,1224377.1900000004,125,9795.017520000003
2017-07-30,975432.42,119,8196.911092436974
2017-07-31,1377036.9899999986,150,9180.246599999991
2017-08-01,1727041.139999999,166,10403.862289156621
2017-08-02,1441333.9799999997,155,9298.928903225806
2017-08-03,1480810.5899999994,151,9806.692649006618
2017-08-04,1448373.0599999998,145,9988.77972413793
2017-08-05,962630.82,120,8021.9235
2017-08-06,1042536.2399999998,112,9308.359285714283
2017-08-07,1885773.7799999984,161,11712.880621118002
2017-08-08,1515354.839999999,154,9839.966493506487
2017-08-09,1626734.8799999992,150,10844.899199999994
2017-08-10,1603987.829999999,160,10024.923937499992
2017-08-11,1529851.5899999996,138,11085.881086956519
2017-08-12,1005154.3799999995,95,10580.572421052626
2017-08-13,989791.3799999998,92,10758.601956521738
2017-08-14,1456254.089999999,161,9045.056459627322
2017-08-15,1846149.0299999989,196,9419.127704081628
2017-08-16,1671173.999999999,182,9182.27472527472
2017-08-17,1434919.589999999,169,8490.648461538454
2017-08-18,1355251.41,149,9095.647046979866
2017-08-19,1033401.5999999999,112,9226.8
2017-08-20,1057134.4199999997,122,8665.036229508194
2017-08-21,1728292.6799999992,175,9875.958171428567
2017-08-22,1336554.7199999983,137,9755.873868613127
2017-08-23,1291075.379999999,118,10941.316779661009
2017-08-24,1061909.4599999997,127,8361.49181102362
2017-08-25,1168818.9300000002,124,9425.959112903227
2017-08-26,799356.5999999997,94,8503.793617021274
2017-08-27,1038312.4499999993,118,8799.258050847451
2017-08-28,1739912.399999999,156,11153.28461538461
2017-08-29,2686255.0199999963,149,18028.557181208027
2017-08-30,2355616.6199999982,179,13159.86938547485
2017-08-31,1642969.1699999985,156,10531.853653846145
2017-09-01,2234073.7799999975,158,14139.707468354414
2017-09-02,1460558.52,105,13910.081142857143
2017-09-03,2229337.799999999,127,17553.840944881882
2017-09-04,2003235.5699999987,151,13266.460728476812
2017-09-05,1676251.7099999976,158,10609.188037974669
2017-09-06,2029808.6999999979,144,14095.893749999985
2017-09-07,1372813.3799999997,106,12951.069622641506
2017-09-08,926720.9100000004,118,7853.567033898308
2017-09-09,1182835.71,109,10851.70376146789
2017-09-10,1392528.7799999996,139,10018.1926618705
2017-09-11,1895259.779999998,187,10135.079037433145
2017-09-12,2125674.809999997,212,10026.767971698098
2017-09-13,2209907.6999999983,213,10375.153521126753
2017-09-14,1793796.4799999995,172,10429.049302325579
2017-09-15,1457713.3499999992,149,9783.311073825498
2017-09-16,1532622.2399999988,129,11880.792558139527
2017-09-17,1645629.299999999,141,11671.129787234036
2017-09-18,2180583.9899999984,188,11598.85101063829
2017-09-19,1593271.5299999986,158,10083.997025316447
2017-09-20,1768070.3399999987,166,10651.026144578305
2017-09-21,1477367.6399999992,155,9531.404129032253
2017-09-22,1237404.78,138,8966.701304347825
2017-09-23,790101.7199999999,90,8778.907999999998
2017-09-24,1048225.3200000006,120,8735.211000000005
2017-09-25,1418154.4799999988,138,10276.481739130426
2017-09-26,1708194.599999999,185,9233.484324324318
2017-09-27,1670068.4399999995,148,11284.246216216212
2017-09-28,1865033.0999999992,148,12601.574999999993
2017-09-29,2303069.849999999,118,19517.541101694907
2017-09-30,943420.7699999996,113,8348.856371681411
2017-10-01,1458044.19,131,11130.108320610687
2017-10-02,1751711.7600000005,151,11600.740132450333
2017-10-03,2067055.8299999991,204,10132.626617647054
2017-10-04,1688593.1399999997,163,10359.467116564416
2017-10-05,2012925.3300000012,147,13693.369591836743
2017-10-06,1373947.649999999,128,10733.966015624992
2017-10-07,1220874.9299999988,106,11517.688018867913
2017-10-08,1331267.3099999996,129,10319.901627906973
2017-10-09,2335800.779999999,192,12165.629062499995
2017-10-10,2262678.839999997,181,12500.988066298327
2017-10-11,1523546.5499999989,160,9522.165937499993
2017-10-12,1486286.0099999995,146,10180.041164383558
2017-10-13,1795209.209999999,160,11220.057562499995
2017-10-14,1062284.7599999993,121,8779.212892561978
2017-10-15,1509570.5399999993,125,12076.564319999994
2017-10-16,2444337.899999998,198,12345.1409090909
2017-10-17,2388401.459999999,209,11427.758181818177
2017-10-18,2184529.4099999988,184,11872.442445652166
2017-10-19,1878492.2399999977,180,10436.067999999987
2017-10-20,1497176.9099999988,122,12271.941885245891
2017-10-21,1161824.5799999998,113,10281.633451327432
2017-10-22,1551611.7899999993,159,9758.564716981127
2017-10-23,1758013.8299999991,157,11197.540318471332
2017-10-24,1786188.2399999986,173,10324.78751445086
2017-10-25,1409482.259999999,160,8809.264124999994
2017-10-26,1717349.2199999988,148,11603.710945945937
2017-10-27,1648666.71,136,12122.549338235294
2017-10-28,1346172.8399999999,92,14632.313478260869
2017-10-29,1352595.959999999,134,10093.99970149253
2017-10-30,1572521.7599999988,142,11074.096901408442
2017-10-31,1926450.899999998,162,11891.67222222221
2017-11-01,1575531.8100000003,115,13700.276608695654
2017-11-02,1717034.9399999992,128,13414.335468749994
2017-11-03,1837732.319999999,147,12501.580408163258
2017-11-04,1540228.0500000005,117,13164.342307692312
2017-11-05,1318468.4999999988,142,9284.98943661971
2017-11-06,2243589.6599999983,190,11808.366631578938
2017-11-07,1597317.3899999985,161,9921.226024844711
2017-11-08,1507856.5799999998,177,8518.963728813558
2017-11-09,1967943.5999999987,190,10357.597894736835
2017-11-10,1516574.789999999,161,9419.719192546578
2017-11-11,1864937.3399999992,164,11371.569146341459
2017-11-12,1807892.0099999998,175,10330.811485714285
2017-11-13,1938705.569999998,212,9144.837594339613
2017-11-14,2148768.359999997,190,11309.307157894722
2017-11-15,1821345.0299999986,185,9845.108270270262
2017-11-16,2246077.169999999,231,9723.277792207788
2017-11-17,2319599.2499999986,190,12208.41710526315
2017-11-18,1842733.5299999989,150,12284.890199999993
2017-11-19,1607457.1499999985,157,10238.580573248399
2017-11-20,3526283.429999997,226,15603.02402654866
2017-11-21,2719695.869999998,228,11928.490657894727
2017-11-22,1944741.4199999985,200,9723.707099999992
2017-11-23,3650795.2799999984,393,9289.555419847324
2017-11-24,12075650.82,1234,9785.778622366288
2017-11-25,4779433.709999993,515,9280.45380582523
2017-11-26,3587991.4799999953,412,8708.717184466008
2017-11-27,3805707.4199999943,416,9148.335144230756
2017-11-28,3846217.0499999966,389,9887.447429305903
2017-11-29,3154922.3699999982,326,9677.675981595086
2017-11-30,2518754.399999996,277,9092.976173285184
2017-12-01,3154383.7199999974,283,11146.2322261484
2017-12-02,2484124.1099999966,224,11089.839776785699
2017-12-03,2331454.499999997,237,9837.360759493658
2017-12-04,3659950.7999999966,340,10764.561176470577
2017-12-05,2698185.5999999996,288,9368.699999999999
2017-12-06,3115879.9199999967,280,11128.14257142856
2017-12-07,2242140.389999998,235,9541.022936170204
2017-12-08,2339435.2499999977,227,10305.882158590299
2017-12-09,1589781.0599999991,163,9753.25803680981
2017-12-10,1935783.2699999977,193,10029.965129533666
2017-12-11,2684801.069999997,271,9907.015018450174
2017-12-12,2667686.6699999985,270,9880.320999999994
2017-12-13,2341891.889999998,232,10094.361594827576
2017-12-14,2017032.0299999977,209,9650.870956937788
2017-12-15,2158648.4699999974,195,11069.99215384614
2017-12-16,1619893.619999999,135,11999.211999999992
2017-12-17,1545480.0899999994,139,11118.561798561146
2017-12-18,2337574.409999998,220,10625.338227272718
2017-12-19,1643489.0999999996,185,8883.724864864862
2017-12-20,2155141.5299999975,174,12385.87086206895
2017-12-21,1477659.2399999984,149,9917.17610738254
2017-12-22,1146563.5499999996,115,9970.117826086953
2017-12-23,939402.2699999994,105,8946.688285714281
2017-12-24,450897.29999999964,60,7514.954999999994
2017-12-25,801784.5299999997,90,8908.716999999997
2017-12-26,1627336.349999999,172,9461.257848837204
2017-12-27,1406231.819999999,176,7989.953522727266
2017-12-28,1186029.449999999,152,7802.825328947362
2017-12-29,1288908.9000000001,143,9013.348951048953
2017-12-30,1056694.6800000002,107,9875.651214953272
2017-12-31,679705.5599999998,72,9440.354999999998
2018-01-01,555157.5299999997,77,7209.838051948048
2018-01-02,2022242.9399999985,211,9584.08976303317
2018-01-03,2517976.979999998,233,10806.76815450643
2018-01-04,2767305.329999999,264,10482.217159090906
2018-01-05,2098215.9899999993,212,9897.245235849054
2018-01-06,2232835.469999998,226,9879.80296460176
2018-01-07,2280986.009999998,199,11462.241256281397
2018-01-08,3062930.309999997,303,10108.680891089098
2018-01-09,2415358.8899999997,259,9325.71
2018-01-10,3017049.9299999974,284,10623.415246478864
2018-01-11,3228004.529999998,269,12000.016840148692
2018-01-12,2436538.4999999977,251,9707.32470119521
2018-01-13,2211439.8599999975,217,10190.967096774182
2018-01-14,2487416.4899999974,246,10111.449146341452
2018-01-15,3059327.6099999966,314,9743.081560509543
2018-01-16,3423345.209999996,312,10972.260288461524
2018-01-17,2863383.9299999974,294,9739.401122448971
2018-01-18,2246619.509999998,255,8810.272588235286
2018-01-19,2191100.939999998,235,9323.833787234034
2018-01-20,1786896.3599999982,190,9404.717684210516
2018-01-21,1761717.3299999977,199,8852.850904522602
2018-01-22,2985247.8899999973,315,9476.97742857142
2018-01-23,2777178.0599999977,269,10324.082007434936
2018-01-24,2490353.9099999983,251,9921.728725099594
2018-01-25,2338068.149999999,244,9582.246516393438
2018-01-26,2715855.2099999986,233,11656.030944206002
2018-01-27,1740126.9599999988,159,10944.194716981125
2018-01-28,1833031.9799999986,162,11315.012222222213
2018-01-29,2429430.209999997,252,9640.59607142856
2018-01-30,2325956.3099999977,266,8744.19665413533
2018-01-31,2600527.409999999,258,10079.563604651159
2018-02-01,2420932.769999999,239,10129.425815899578
2018-02-02,2191642.4699999983,219,10007.49986301369
2018-02-03,1837370.0699999984,198,9279.64681818181
2018-02-04,1903873.5899999994,209,9109.443014354065
2018-02-05,2874588.209999997,278,10340.24535971222
2018-02-06,2717128.979999997,280,9704.03207142856
2018-02-07,2499948.269999997,254,9842.316023622036
2018-02-08,2217554.8199999984,244,9088.339426229502
2018-02-09,2448292.0499999975,215,11387.40488372092
2018-02-10,1670632.5599999984,190,8792.802947368413
2018-02-11,1784130.0299999993,181,9857.071988950272
2018-02-12,1881286.2899999989,226,8324.275619469021
2018-02-13,1868512.409999999,229,8159.442838427944
2018-02-14,2960749.8899999987,298,9935.402315436237
2018-02-15,2535621.9299999992,278,9120.942194244602
2018-02-16,2171941.289999998,234,9281.800384615377
2018-02-17,1983861.8099999991,206,9630.397135922325
2018-02-18,1953762.66,206,9484.284757281554
2018-02-19,2239165.2599999984,260,8612.174076923071
2018-02-20,2942436.689999996,301,9775.537176079722
2018-02-21,2550670.2899999977,277,9208.195992779774
2018-02-22,2412933.749999999,281,8586.952846975086
2018-02-23,2290453.109999997,238,9623.752563025198
2018-02-24,1948485.1499999978,197,9890.787563451766
2018-02-25,2291482.3499999987,235,9750.988723404249
2018-02-26,3513886.6499999985,296,11871.238682432428
2018-02-27,3245686.6499999966,303,10711.83712871286
2018-02-28,3590182.979999996,315,11397.406285714273
2018-03-01,3151360.169999999,281,11214.804875444835
2018-03-02,2547214.5599999977,273,9330.456263736256
2018-03-03,2095301.1599999974,215,9745.586790697662
2018-03-04,2499909.4799999967,239,10459.872301255216
2018-03-05,2988465.659999996,269,11109.537769516714
2018-03-06,3091405.4999999977,280,11040.73392857142
2018-03-07,2876234.039999998,266,10812.909924812024
2018-03-08,2234476.619999999,239,9349.274560669453
2018-03-09,2190568.4099999988,209,10481.188564593296
2018-03-10,2036465.009999999,189,10774.947142857138
2018-03-11,2525686.6499999976,229,11029.199344978155
2018-03-12,2440636.2899999986,235,10385.686340425525
2018-03-13,2777167.4399999953,222,12509.763243243222
2018-03-14,1828176.1199999985,208,8789.308269230762
2018-03-15,3382532.9999999967,285,11868.536842105252
2018-03-16,2573271.6299999966,250,10293.086519999986
2018-03-17,1598581.9799999974,183,8735.420655737691
2018-03-18,2489726.339999998,226,11016.488230088487
2018-03-19,3503979.629999998,303,11564.289207920785
2018-03-20,2838381.4799999953,298,9524.770067114077
2018-03-21,3171527.4599999967,283,11206.810812720836
2018-03-22,2462392.3499999987,259,9507.306370656366
2018-03-23,2167147.979999999,216,10033.092499999995
2018-03-24,1908409.5899999985,174,10967.871206896543
2018-03-25,2056122.989999999,202,10178.826683168312
2018-03-26,2834280.359999997,276,10269.131739130424
2018-03-27,2733691.589999997,250,10934.766359999989
2018-03-28,2175787.4399999976,224,9713.336785714275
2018-03-29,2289089.7899999986,197,11619.745126903546
2018-03-30,1774767.8699999982,173,10258.773815028891
2018-03-31,1982197.1699999988,175,11326.840971428564
2018-04-01,2310696.629999998,209,11055.964736842096
2018-04-02,3176039.969999997,285,11143.999894736831
2018-04-03,2929747.139999997,256,11444.324765624988
2018-04-04,2947445.6399999973,260,11336.329384615374
2018-04-05,2897322.7499999977,267,10851.396067415722
2018-04-06,2154622.5899999994,193,11163.847616580308
2018-04-07,2013188.6699999985,167,12055.021976047896
2018-04-08,1874373.6599999988,187,10023.388556149726
2018-04-09,3966242.9399999958,261,15196.33310344826
2018-04-10,2230892.0999999996,210,10623.295714285712
2018-04-11,3108168.6299999985,273,11385.233076923072
2018-04-12,2750264.2799999984,263,10457.2786311787
2018-04-13,2379738.419999998,202,11780.883267326722
2018-04-14,1527258.329999999,154,9917.261883116877
2018-04-15,2443628.9699999974,232,10532.8834913793
2018-04-16,3234634.5599999973,288,11231.36999999999
2018-04-17,2752817.3099999977,275,10010.244763636356
2018-04-18,3101143.7699999968,296,10476.8370608108
2018-04-19,3436869.509999993,292,11770.10106164381
2018-04-20,2207549.8799999985,200,11037.749399999993
2018-04-21,1523424.5999999982,160,9521.403749999989
2018-04-22,2203824.509999997,212,10395.398632075457
2018-04-23,3007380.7799999956,295,10194.511118644054
2018-04-24,3441653.819999996,281,12247.87836298931
2018-04-25,3281250.7799999956,296,11085.306689189174
2018-04-26,2552232.5099999984,264,9667.54738636363
2018-04-27,3174165.359999997,244,13008.874426229497
2018-04-28,1819469.6099999987,171,10640.17315789473
2018-04-29,1559100.599999999,185,8427.570810810805
2018-04-30,2842064.459999997,242,11744.068016528914
2018-05-01,2662767.4499999983,271,9825.71014760147
2018-05-02,2947763.609999998,302,9760.806655629132
2018-05-03,3327495.2099999953,323,10301.842755417942
2018-05-04,3137100.0299999956,269,11662.081895910764
2018-05-05,2258780.2199999974,205,11018.440097560962
2018-05-06,2245029.659999997,217,10345.758801843303
2018-05-07,4279203.449999996,373,11472.395308310983
2018-05-08,3830293.529999996,345,11102.300086956511
2018-05-09,3421624.4999999953,354,9665.605932203376
2018-05-10,4020975.9899999965,288,13961.722187499989
2018-05-11,3055014.719999998,256,11933.651249999992
2018-05-12,2332041.209999998,212,11000.194386792444
2018-05-13,2527009.109999998,218,11591.784908256872
2018-05-14,4265899.289999995,369,11560.702682926816
2018-05-15,3308932.889999996,364,9090.474972527461
2018-05-16,4492795.859999997,359,12514.751699164335
2018-05-17,2520540.269999997,249,10122.651686746976
2018-05-18,2484988.379999998,237,10485.183037974675
2018-05-19,2027771.189999998,146,13888.843767123275
2018-05-20,1553969.6099999992,167,9305.207245508976
2018-05-21,1994302.7999999975,204,9775.994117647046
2018-05-22,2194060.139999997,197,11137.361116751254
2018-05-23,1449308.6999999983,141,10278.785106382968
2018-05-24,1590760.71,116,13713.454396551724
2018-05-25,1291526.3699999999,108,11958.5775
2018-05-26,1193570.8199999998,102,11701.674705882351
2018-05-27,1015885.7999999996,105,9675.102857142852
2018-05-28,2168010.809999998,153,14170.005294117635
2018-05-29,2067123.8699999976,156,13250.794038461523
2018-05-30,1539337.2299999995,141,10917.285319148932
2018-05-31,1987288.4699999979,138,14400.641086956506
2018-06-01,2607185.969999996,189,13794.634761904741
2018-06-02,2046264.749999998,149,13733.320469798644
2018-06-03,2272414.499999998,198,11476.840909090899
2018-06-04,2293425.0899999966,232,9885.452974137916
2018-06-05,2465179.2899999996,207,11909.078695652172
2018-06-06,2121519.0599999977,233,9105.232017167373
2018-06-07,2998963.0799999954,235,12761.545021276575
2018-06-08,2114958.329999998,207,10217.189999999991
2018-06-09,2361083.9399999985,178,13264.516516853924
2018-06-10,2067300.6299999983,203,10183.7469458128
2018-06-11,4022866.349999995,312,12893.802403846137
2018-06-12,3257990.639999997,259,12579.114440154428
2018-06-13,2735720.4599999967,269,10169.964535315972
2018-06-14,2209512.869999998,221,9997.795791855193
2018-06-15,2129828.129999999,191,11150.932617801041
2018-06-16,1966017.4199999985,169,11633.239171597625
2018-06-17,1400781.3299999994,157,8922.174076433117
2018-06-18,2727201.869999997,251,10865.346095617517
2018-06-19,2774631.779999997,241,11512.994937759324
2018-06-20,2317552.5599999977,227,10209.482643171796
2018-06-21,2234330.999999997,240,9309.712499999989
2018-06-22,1986722.3699999982,182,10916.056978021968
2018-06-23,1410618.8699999992,157,8984.833566878975
2018-06-24,1974501.4499999993,208,9492.795432692305
2018-06-25,2864249.459999997,248,11549.392983870956
2018-06-26,2457638.549999999,247,9949.953643724692
2018-06-27,2155697.099999998,229,9413.524454148464
2018-06-28,2472552.719999998,247,10010.334898785417
2018-06-29,1649279.5199999984,179,9213.852067039097
2018-06-30,1231916.4899999993,128,9624.347578124994
2018-07-01,1936560.0599999991,164,11808.293048780482
2018-07-02,1853007.1199999985,198,9358.621818181811
2018-07-03,2124726.659999998,227,9360.029339207038
2018-07-04,2871411.7499999967,265,10835.516037735837
2018-07-05,2271511.8899999973,196,11589.346377551006
2018-07-06,1519809.8399999994,123,12356.177560975604
2018-07-07,713600.3699999999,93,7673.122258064514
2018-07-08,1144112.4899999998,125,9152.899919999998
2018-07-09,1563635.2499999993,151,10355.200331125823
2018-07-10,1469060.64,136,10801.916470588234
2018-07-11,1457370.1799999995,132,11040.683181818178
2018-07-12,1564111.7099999997,125,12512.893679999997
2018-07-13,2239413.029999998,178,12580.972078651674
2018-07-14,1742738.6699999997,149,11696.232684563756
2018-07-15,2392467.3899999973,155,15435.273483870951
2018-07-16,2429943.299999998,246,9877.818292682918
2018-07-17,2396758.949999998,229,10466.196288209598
2018-07-18,3312357.659999997,311,10650.667717041792
2018-07-19,3108962.9699999965,265,11731.935735849043
2018-07-20,2578903.469999999,254,10153.16326771653
2018-07-21,1690058.5199999977,194,8711.641855670092
2018-07-22,2097229.139999998,224,9362.630089285705
2018-07-23,3188278.6199999973,314,10153.753566878971
2018-07-24,3242085.2099999962,279,11620.37709677418
2018-07-25,3240637.469999997,274,11827.14405109488
2018-07-26,2810416.4099999974,251,11196.878127490028
2018-07-27,2282133.7799999984,198,11525.928181818173
2018-07-28,2026627.2899999989,184,11014.278749999994
2018-07-29,2373935.849999998,192,12364.24921874999
2018-07-30,3038242.0499999966,285,10660.49842105262
2018-07-31,3636566.549999997,328,11087.093140243893
2018-08-01,3245117.6699999967,306,10604.959705882342
2018-08-02,3089944.6199999945,314,9840.587961783422
2018-08-03,3340882.259999995,322,10375.4107453416
2018-08-04,2820698.3699999982,251,11237.842111553779
2018-08-05,2820858.839999997,290,9727.099448275852
2018-08-06,4330472.129999995,378,11456.275476190463
2018-08-07,3766407.3899999955,368,10234.802690217379
2018-08-08,3446675.7299999967,330,10444.471909090898
2018-08-09,3230366.399999996,298,10840.155704697974
2018-08-10,2627767.3499999978,254,10345.540748031488
2018-08-11,2116306.709999999,192,11022.430781249996
2018-08-12,2351430.809999998,206,11414.712669902903
2018-08-13,3101320.799999997,301,10303.391362126236
2018-08-14,3567201.9299999964,330,10809.702818181808
2018-08-15,3665380.949999997,302,12137.023013245023
2018-08-16,2853906.299999995,336,8493.768749999985
2018-08-17,2512675.3499999978,260,9664.135961538454
2018-08-18,1948176.5399999986,199,9789.831859296475
2018-08-19,2064964.949999999,211,9786.563744075826
2018-08-20,2740839.2099999967,263,10421.441863117858
2018-08-21,2123638.6499999985,252,8427.137499999993
2018-08-22,1640219.6699999983,196,8368.467704081624
2018-08-23,1376756.2799999996,149,9239.975033557044
2018-08-24,767093.8499999996,100,7670.938499999997
2018-08-25,854167.8600000002,72,11863.442500000003
2018-08-26,654267.5099999999,74,8841.452837837836
2018-08-27,430405.02,67,6423.95552238806
2018-08-28,296871.29999999993,39,7612.084615384613
2018-08-29,125229.23999999992,11,11384.476363636357
